,Importance
Cultivated Crops and Pesticide Use,0.018491134365238474
Miscellaneous Land Use,0.020417857209461352
Mixed Forest and Soil Organic Matter,0.03947817428041646
Site Elevation and Air Temperature Variability,0.04151357107247607
Precipitation Patterns (Monthly & Annual),0.04810198536355413
Soil Texture and Water Holding Capacity,0.060623441240473586
Stream Network Complexity and Dam Proximity,0.06407289894033705
Barren Lands and Steep Slopes,0.08261110893674964
Agricultural Land Use and Nutrient Inputs,0.0884093550656897
Baseflow Index and Aspect,0.11340467020418579
"Water Bodies, Reservoirs, and Wetland Extent",0.11506769727689
Deciduous Forests and Freshwater Use,0.11527718342937687
